{"v":"5.5.8","fr":29.9700012207031,"ip":0,"op":120.0000048877,"w":800,"h":800,"nm":"Comp 1","ddd":0,"assets":[],"layers":[{"ddd":0,"ind":1,"ty":4,"nm":"Shape Layer 1","sr":1,"ks":{"o":{"a":0,"k":100,"ix":11},"r":{"a":0,"k":0,"ix":10},"p":{"a":0,"k":[400,400,0],"ix":2},"a":{"a":0,"k":[0,0,0],"ix":1},"s":{"a":0,"k":[100,100,100],"ix":6}},"ao":0,"shapes":[{"ty":"gr","it":[{"ind":0,"ty":"sh","ix":1,"ks":{"a":0,"k":{"i":[[0,0],[0,0]],"o":[[0,0],[0,0]],"v":[[-54,24],[-95,61.5]],"c":false},"ix":2},"nm":"Path 1","mn":"ADBE Vector Shape - Group","hd":false},{"ind":1,"ty":"sh","ix":2,"ks":{"a":0,"k":{"i":[[0,0],[0,0]],"o":[[0,0],[0,0]],"v":[[-34.5,36],[-67.5,67.5]],"c":false},"ix":2},"nm":"Path 2","mn":"ADBE Vector Shape - Group","hd":false},{"ind":2,"ty":"sh","ix":3,"ks":{"a":0,"k":{"i":[[0,0],[0,0]],"o":[[0,0],[0,0]],"v":[[-25,56],[-63.5,95]],"c":false},"ix":2},"nm":"Path 3","mn":"ADBE Vector Shape - Group","hd":false},{"ind":3,"ty":"sh","ix":4,"ks":{"a":0,"k":{"i":[[0,0],[0,0]],"o":[[0,0],[0,0]],"v":[[9.5,53],[-24.5,94]],"c":false},"ix":2},"nm":"Path 4","mn":"ADBE Vector Shape - Group","hd":false},{"ty":"st","c":{"a":0,"k":[1,1,1,1],"ix":3},"o":{"a":0,"k":100,"ix":4},"w":{"a":0,"k":4,"ix":5},"lc":2,"lj":1,"ml":4,"bm":0,"nm":"Stroke 1","mn":"ADBE Vector Graphic - Stroke","hd":false},{"ty":"fl","c":{"a":0,"k":[0,0,0,1],"ix":4},"o":{"a":0,"k":100,"ix":5},"r":1,"bm":0,"nm":"Fill 1","mn":"ADBE Vector Graphic - Fill","hd":false},{"ty":"tr","p":{"a":0,"k":[0,0],"ix":2},"a":{"a":0,"k":[0,0],"ix":1},"s":{"a":0,"k":[100,100],"ix":3},"r":{"a":0,"k":0,"ix":6},"o":{"a":0,"k":100,"ix":7},"sk":{"a":0,"k":0,"ix":4},"sa":{"a":0,"k":0,"ix":5},"nm":"Transform"}],"nm":"Shape 1","np":6,"cix":2,"bm":0,"ix":1,"mn":"ADBE Vector Group","hd":false},{"ty":"tm","s":{"a":0,"k":0,"ix":1},"e":{"a":0,"k":39,"ix":2},"o":{"a":1,"k":[{"i":{"x":[0.833],"y":[0.833]},"o":{"x":[0.167],"y":[0.167]},"t":40,"s":[99]},{"t":96.0000039101602,"s":[2407]}],"ix":3},"m":2,"ix":2,"nm":"Trim Paths 1","mn":"ADBE Vector Filter - Trim","hd":false}],"ip":40.0000016292334,"op":97.000003950891,"st":0,"bm":0},{"ddd":0,"ind":2,"ty":4,"nm":"Telegram Outlines 2","sr":1,"ks":{"o":{"a":1,"k":[{"i":{"x":[0.833],"y":[0.833]},"o":{"x":[0.167],"y":[0.167]},"t":96,"s":[100]},{"i":{"x":[0.833],"y":[0.833]},"o":{"x":[0.167],"y":[0.167]},"t":107,"s":[26.667]},{"t":113.000004602584,"s":[0]}],"ix":11},"r":{"a":0,"k":0,"ix":10},"p":{"a":1,"k":[{"i":{"x":0.833,"y":0.833},"o":{"x":0.167,"y":0.167},"t":96,"s":[463,344,0],"to":[13.333,-13.333,0],"ti":[-13.333,13.333,0]},{"t":111.000004521123,"s":[543,264,0]}],"ix":2},"a":{"a":0,"k":[272,129,0],"ix":1},"s":{"a":1,"k":[{"i":{"x":[0.833,0.833,0.833],"y":[0.833,0.833,0.833]},"o":{"x":[0.167,0.167,0.167],"y":[0.167,0.167,0.167]},"t":96,"s":[100,100,100]},{"t":111.000004521123,"s":[13,13,100]}],"ix":6}},"ao":0,"shapes":[{"ty":"gr","it":[{"ind":0,"ty":"sh","ix":1,"ks":{"a":0,"k":{"i":[[-0.849,-2.604],[-0.024,0.259],[-0.525,6.403],[-1.236,1.108],[-17.049,15.38],[-1.056,1.001],[0.338,0.69],[0.673,-0.076],[1.094,-0.689],[21.05,-13.224],[-0.428,-1.28],[-2.551,-7.803]],"o":[[0.477,-0.23],[0.598,-6.394],[0.133,-1.594],[17.09,-15.346],[1.079,-0.976],[0.435,-0.411],[-0.353,-0.71],[-1.308,0.153],[-21.028,13.266],[-1.197,0.751],[2.607,7.781],[0.839,2.574]],"v":[[-16.327,40.36],[-15.872,39.551],[-14.129,20.365],[-12.27,16.48],[38.908,-29.642],[42.128,-32.579],[42.798,-34.153],[41.018,-34.758],[37.499,-33.276],[-25.602,6.493],[-26.535,9.214],[-18.854,32.606]],"c":true},"ix":2},"nm":"Path 1","mn":"ADBE Vector Shape - Group","hd":false},{"ind":1,"ty":"sh","ix":2,"ks":{"a":0,"k":{"i":[[-0.038,-5.554],[0.727,-3.438],[6.046,-28.458],[0.882,-1.462],[2.731,0.626],[1.414,1.051],[9.087,6.801],[0.974,-0.975],[4.495,-4.433],[2.492,0.082],[0.539,1.677],[2.843,8.762],[0.901,2.993],[1.093,0.334],[8.902,2.776],[1.051,0.661],[-2.21,2.018],[-1.887,0.731],[-12.142,4.678],[-26.214,10.106],[-0.21,0.077]],"o":[[-0.257,3.208],[-6.008,28.466],[-0.347,1.637],[-1.442,2.407],[-1.725,-0.39],[-9.11,-6.757],[-1.156,-0.863],[-4.483,4.447],[-1.713,1.696],[-1.764,-0.063],[-2.808,-8.778],[-0.968,-2.979],[-0.327,-1.079],[-8.912,-2.736],[-1.173,-0.371],[-2.54,-1.601],[1.511,-1.385],[12.137,-4.684],[26.214,-10.112],[0.21,-0.083],[4.924,-1.836]],"v":[[65.923,-47.669],[63.988,-37.618],[45.889,47.764],[44.288,52.505],[38.026,55.171],[33.393,52.923],[6.048,32.654],[3.258,32.857],[-10.286,46.102],[-16.387,48.727],[-19.7,46.262],[-28.208,19.96],[-31.097,11.031],[-33.07,9.068],[-59.782,0.752],[-63.182,-0.648],[-63.714,-6.404],[-58.48,-9.34],[-22.059,-23.393],[56.583,-53.709],[57.207,-53.96]],"c":true},"ix":2},"nm":"Path 2","mn":"ADBE Vector Shape - Group","hd":false},{"ty":"mm","mm":1,"nm":"Merge Paths 1","mn":"ADBE Vector Filter - Merge","hd":false},{"ty":"fl","c":{"a":0,"k":[0.999999820485,0.999999760646,0.999999820485,1],"ix":4},"o":{"a":0,"k":100,"ix":5},"r":1,"bm":0,"nm":"Fill 1","mn":"ADBE Vector Graphic - Fill","hd":false},{"ty":"tr","p":{"a":0,"k":[205.659,187.251],"ix":2},"a":{"a":0,"k":[0,0],"ix":1},"s":{"a":0,"k":[100,100],"ix":3},"r":{"a":0,"k":0,"ix":6},"o":{"a":0,"k":100,"ix":7},"sk":{"a":0,"k":0,"ix":4},"sa":{"a":0,"k":0,"ix":5},"nm":"Transform"}],"nm":"Group 1","np":4,"cix":2,"bm":0,"ix":1,"mn":"ADBE Vector Group","hd":false}],"ip":70.0000028511585,"op":121.000004928431,"st":-6.00000024438501,"bm":0},{"ddd":0,"ind":3,"ty":4,"nm":"Telegram Outlines","sr":1,"ks":{"o":{"a":1,"k":[{"i":{"x":[0.833],"y":[0.833]},"o":{"x":[0.167],"y":[0.167]},"t":27,"s":[0]},{"i":{"x":[0.833],"y":[1]},"o":{"x":[0.167],"y":[0]},"t":37,"s":[100]},{"i":{"x":[0.833],"y":[1]},"o":{"x":[0.167],"y":[0]},"t":96,"s":[100]},{"t":102.000004154545,"s":[0]}],"ix":11},"r":{"a":0,"k":0,"ix":10},"p":{"a":1,"k":[{"i":{"x":0.833,"y":0.833},"o":{"x":0.167,"y":0.167},"t":27,"s":[280,550,0],"to":[16.667,-16.667,0],"ti":[-16.667,16.667,0]},{"t":37.0000015070409,"s":[380,450,0]}],"ix":2},"a":{"a":0,"k":[189,235,0],"ix":1},"s":{"a":1,"k":[{"i":{"x":[0.833,0.833,0.833],"y":[0.833,0.833,0.833]},"o":{"x":[0.167,0.167,0.167],"y":[0.167,0.167,0.167]},"t":27,"s":[16,16,100]},{"t":37.0000015070409,"s":[100,100,100]}],"ix":6}},"ao":0,"shapes":[{"ty":"gr","it":[{"ind":0,"ty":"sh","ix":1,"ks":{"a":0,"k":{"i":[[-0.849,-2.604],[-0.024,0.259],[-0.525,6.403],[-1.236,1.108],[-17.049,15.38],[-1.056,1.001],[0.338,0.69],[0.673,-0.076],[1.094,-0.689],[21.05,-13.224],[-0.428,-1.28],[-2.551,-7.803]],"o":[[0.477,-0.23],[0.598,-6.394],[0.133,-1.594],[17.09,-15.346],[1.079,-0.976],[0.435,-0.411],[-0.353,-0.71],[-1.308,0.153],[-21.028,13.266],[-1.197,0.751],[2.607,7.781],[0.839,2.574]],"v":[[-16.327,40.36],[-15.872,39.551],[-14.129,20.365],[-12.27,16.48],[38.908,-29.642],[42.128,-32.579],[42.798,-34.153],[41.018,-34.758],[37.499,-33.276],[-25.602,6.493],[-26.535,9.214],[-18.854,32.606]],"c":true},"ix":2},"nm":"Path 1","mn":"ADBE Vector Shape - Group","hd":false},{"ind":1,"ty":"sh","ix":2,"ks":{"a":0,"k":{"i":[[-0.038,-5.554],[0.727,-3.438],[6.046,-28.458],[0.882,-1.462],[2.731,0.626],[1.414,1.051],[9.087,6.801],[0.974,-0.975],[4.495,-4.433],[2.492,0.082],[0.539,1.677],[2.843,8.762],[0.901,2.993],[1.093,0.334],[8.902,2.776],[1.051,0.661],[-2.21,2.018],[-1.887,0.731],[-12.142,4.678],[-26.214,10.106],[-0.21,0.077]],"o":[[-0.257,3.208],[-6.008,28.466],[-0.347,1.637],[-1.442,2.407],[-1.725,-0.39],[-9.11,-6.757],[-1.156,-0.863],[-4.483,4.447],[-1.713,1.696],[-1.764,-0.063],[-2.808,-8.778],[-0.968,-2.979],[-0.327,-1.079],[-8.912,-2.736],[-1.173,-0.371],[-2.54,-1.601],[1.511,-1.385],[12.137,-4.684],[26.214,-10.112],[0.21,-0.083],[4.924,-1.836]],"v":[[65.923,-47.669],[63.988,-37.618],[45.889,47.764],[44.288,52.505],[38.026,55.171],[33.393,52.923],[6.048,32.654],[3.258,32.857],[-10.286,46.102],[-16.387,48.727],[-19.7,46.262],[-28.208,19.96],[-31.097,11.031],[-33.07,9.068],[-59.782,0.752],[-63.182,-0.648],[-63.714,-6.404],[-58.48,-9.34],[-22.059,-23.393],[56.583,-53.709],[57.207,-53.96]],"c":true},"ix":2},"nm":"Path 2","mn":"ADBE Vector Shape - Group","hd":false},{"ty":"mm","mm":1,"nm":"Merge Paths 1","mn":"ADBE Vector Filter - Merge","hd":false},{"ty":"fl","c":{"a":0,"k":[0.999999820485,0.999999760646,0.999999820485,1],"ix":4},"o":{"a":0,"k":100,"ix":5},"r":1,"bm":0,"nm":"Fill 1","mn":"ADBE Vector Graphic - Fill","hd":false},{"ty":"tr","p":{"a":0,"k":[205.659,187.251],"ix":2},"a":{"a":0,"k":[0,0],"ix":1},"s":{"a":0,"k":[100,100],"ix":3},"r":{"a":0,"k":0,"ix":6},"o":{"a":0,"k":100,"ix":7},"sk":{"a":0,"k":0,"ix":4},"sa":{"a":0,"k":0,"ix":5},"nm":"Transform"}],"nm":"Group 1","np":4,"cix":2,"bm":0,"ix":1,"mn":"ADBE Vector Group","hd":false}],"ip":3.00000012219251,"op":73.000002973351,"st":-7.00000028511585,"bm":0},{"ddd":0,"ind":4,"ty":4,"nm":"Telegram Outlines","sr":1,"ks":{"o":{"a":1,"k":[{"i":{"x":[0.667],"y":[1]},"o":{"x":[0.333],"y":[0]},"t":21,"s":[100]},{"i":{"x":[0.833],"y":[1]},"o":{"x":[0.333],"y":[0]},"t":32,"s":[0]},{"i":{"x":[0.833],"y":[1]},"o":{"x":[0.167],"y":[0]},"t":113,"s":[0]},{"t":119.000004846969,"s":[0]}],"ix":11},"r":{"a":0,"k":0,"ix":10},"p":{"a":0,"k":[395,413,0],"ix":2},"a":{"a":0,"k":[200,200,0],"ix":1},"s":{"a":0,"k":[100,100,100],"ix":6}},"ao":0,"shapes":[{"ty":"gr","it":[{"ind":0,"ty":"sh","ix":1,"ks":{"a":0,"k":{"i":[[82.353,0],[0,82.349],[-82.353,0],[0,-82.348]],"o":[[-82.353,0],[0,-82.348],[82.353,0],[0,82.349]],"v":[[0,149.114],[-149.112,0.001],[0,-149.114],[149.112,0.001]],"c":true},"ix":2},"nm":"Path 1","mn":"ADBE Vector Shape - Group","hd":false},{"ty":"st","c":{"a":0,"k":[0.376470625401,0.65098041296,0.803921639919,1],"ix":3},"o":{"a":0,"k":100,"ix":4},"w":{"a":0,"k":4,"ix":5},"lc":1,"lj":1,"ml":4,"bm":0,"nm":"Stroke 1","mn":"ADBE Vector Graphic - Stroke","hd":false},{"ty":"tr","p":{"a":0,"k":[206,187.661],"ix":2},"a":{"a":0,"k":[0,0],"ix":1},"s":{"a":0,"k":[100,100],"ix":3},"r":{"a":0,"k":0,"ix":6},"o":{"a":0,"k":100,"ix":7},"sk":{"a":0,"k":0,"ix":4},"sa":{"a":0,"k":0,"ix":5},"nm":"Transform"}],"nm":"Group 3","np":2,"cix":2,"bm":0,"ix":1,"mn":"ADBE Vector Group","hd":false},{"ty":"gr","it":[{"ind":0,"ty":"sh","ix":1,"ks":{"a":0,"k":{"i":[[67.81,0],[0,67.811],[-67.81,0],[0,-67.81]],"o":[[-67.81,0],[0,-67.81],[67.81,0],[0,67.811]],"v":[[0.001,122.778],[-122.779,0.001],[0.001,-122.778],[122.779,0.001]],"c":true},"ix":2},"nm":"Path 1","mn":"ADBE Vector Shape - Group","hd":false},{"ty":"st","c":{"a":0,"k":[0.376470625401,0.65098041296,0.803921639919,1],"ix":3},"o":{"a":0,"k":100,"ix":4},"w":{"a":0,"k":4,"ix":5},"lc":1,"lj":1,"ml":4,"bm":0,"nm":"Stroke 1","mn":"ADBE Vector Graphic - Stroke","hd":false},{"ty":"tr","p":{"a":0,"k":[206,187.661],"ix":2},"a":{"a":0,"k":[0,0],"ix":1},"s":{"a":0,"k":[100,100],"ix":3},"r":{"a":0,"k":0,"ix":6},"o":{"a":0,"k":100,"ix":7},"sk":{"a":0,"k":0,"ix":4},"sa":{"a":0,"k":0,"ix":5},"nm":"Transform"}],"nm":"Group 2","np":2,"cix":2,"bm":0,"ix":2,"mn":"ADBE Vector Group","hd":false},{"ty":"tm","s":{"a":1,"k":[{"i":{"x":[0.833],"y":[0.833]},"o":{"x":[0.167],"y":[0.167]},"t":1,"s":[0]},{"t":20.0000008146167,"s":[100]}],"ix":1},"e":{"a":0,"k":0,"ix":2},"o":{"a":0,"k":0,"ix":3},"m":2,"ix":3,"nm":"Trim Paths 1","mn":"ADBE Vector Filter - Trim","hd":false}],"ip":0,"op":90.0000036657751,"st":1.00000004073083,"bm":0},{"ddd":0,"ind":5,"ty":4,"nm":"c1","sr":1,"ks":{"o":{"a":1,"k":[{"i":{"x":[0.667],"y":[1]},"o":{"x":[0.167],"y":[0]},"t":21,"s":[0]},{"i":{"x":[0.833],"y":[1]},"o":{"x":[0.167],"y":[0]},"t":29,"s":[100]},{"i":{"x":[0.833],"y":[1]},"o":{"x":[0.167],"y":[0]},"t":113,"s":[100]},{"t":119.000004846969,"s":[0]}],"ix":11},"r":{"a":0,"k":0,"ix":10},"p":{"a":0,"k":[400,400,0],"ix":2},"a":{"a":0,"k":[200,200,0],"ix":1},"s":{"a":0,"k":[100,100,100],"ix":6}},"ao":0,"shapes":[{"ty":"gr","it":[{"ind":0,"ty":"sh","ix":1,"ks":{"a":0,"k":{"i":[[0,68.596],[-68.597,0],[0,-68.596],[68.599,0]],"o":[[0,-68.596],[68.599,0],[0,68.596],[-68.597,0]],"v":[[-124.205,0.001],[-0.001,-124.204],[124.205,0.001],[-0.001,124.204]],"c":true},"ix":2},"nm":"Path 1","mn":"ADBE Vector Shape - Group","hd":false},{"ty":"fl","c":{"a":0,"k":[0.376470588235,0.650980392157,0.803921568627,1],"ix":4},"o":{"a":0,"k":100,"ix":5},"r":1,"bm":0,"nm":"Fill 1","mn":"ADBE Vector Graphic - Fill","hd":false},{"ty":"tr","p":{"a":0,"k":[199.999,199.996],"ix":2},"a":{"a":0,"k":[0,0],"ix":1},"s":{"a":0,"k":[100,100],"ix":3},"r":{"a":0,"k":0,"ix":6},"o":{"a":0,"k":100,"ix":7},"sk":{"a":0,"k":0,"ix":4},"sa":{"a":0,"k":0,"ix":5},"nm":"Transform"}],"nm":"Group 2","np":4,"cix":2,"bm":0,"ix":1,"mn":"ADBE Vector Group","hd":false}],"ip":21.0000008553475,"op":121.000004928431,"st":32.0000013033867,"bm":0},{"ddd":0,"ind":6,"ty":4,"nm":"c2","sr":1,"ks":{"o":{"a":1,"k":[{"i":{"x":[0.667],"y":[1]},"o":{"x":[0.167],"y":[0]},"t":21,"s":[0]},{"i":{"x":[0.833],"y":[1]},"o":{"x":[0.167],"y":[0]},"t":29,"s":[30]},{"i":{"x":[0.833],"y":[1]},"o":{"x":[0.167],"y":[0]},"t":113,"s":[30]},{"t":119.000004846969,"s":[0]}],"ix":11},"r":{"a":0,"k":0,"ix":10},"p":{"a":0,"k":[400,400,0],"ix":2},"a":{"a":0,"k":[200,200,0],"ix":1},"s":{"a":0,"k":[100,100,100],"ix":6}},"ao":0,"shapes":[{"ty":"gr","it":[{"ind":0,"ty":"sh","ix":1,"ks":{"a":0,"k":{"i":[[0,83.312],[-83.312,0],[0,-83.307],[83.306,0]],"o":[[0,-83.307],[83.306,0],[0,83.312],[-83.312,0]],"v":[[-150.845,-0.001],[-0.002,-150.844],[150.845,-0.001],[-0.002,150.845]],"c":true},"ix":2},"nm":"Path 1","mn":"ADBE Vector Shape - Group","hd":false},{"ty":"fl","c":{"a":0,"k":[0.376470588235,0.650980392157,0.803921568627,1],"ix":4},"o":{"a":0,"k":100,"ix":5},"r":1,"bm":0,"nm":"Fill 1","mn":"ADBE Vector Graphic - Fill","hd":false},{"ty":"tr","p":{"a":0,"k":[200,199.998],"ix":2},"a":{"a":0,"k":[0,0],"ix":1},"s":{"a":0,"k":[100,100],"ix":3},"r":{"a":0,"k":0,"ix":6},"o":{"a":0,"k":100,"ix":7},"sk":{"a":0,"k":0,"ix":4},"sa":{"a":0,"k":0,"ix":5},"nm":"Transform"}],"nm":"Group 3","np":4,"cix":2,"bm":0,"ix":1,"mn":"ADBE Vector Group","hd":false}],"ip":21.0000008553475,"op":121.000004928431,"st":32.0000013033867,"bm":0},{"ddd":0,"ind":8,"ty":4,"nm":"c4","sr":1,"ks":{"o":{"a":1,"k":[{"i":{"x":[0.667],"y":[1]},"o":{"x":[0.167],"y":[0]},"t":17,"s":[0]},{"i":{"x":[0.667],"y":[1]},"o":{"x":[0.333],"y":[0]},"t":25,"s":[100]},{"i":{"x":[0.452],"y":[1.003]},"o":{"x":[0.531],"y":[0.001]},"t":32,"s":[100]},{"t":61.0000024845809,"s":[0]}],"ix":11},"r":{"a":0,"k":0,"ix":10},"p":{"a":0,"k":[400,400,0],"ix":2},"a":{"a":0,"k":[200,200,0],"ix":1},"s":{"a":1,"k":[{"i":{"x":[0.667,0.667,0.667],"y":[1,1,1]},"o":{"x":[0.333,0.333,0.333],"y":[0,0,0]},"t":32,"s":[100,100,100]},{"t":65.0000026475043,"s":[193,193,100]}],"ix":6}},"ao":0,"shapes":[{"ty":"gr","it":[{"ind":0,"ty":"sh","ix":1,"ks":{"a":0,"k":{"i":[[0,68.596],[-68.597,0],[0,-68.596],[68.599,0]],"o":[[0,-68.596],[68.599,0],[0,68.596],[-68.597,0]],"v":[[-124.205,0.001],[-0.001,-124.204],[124.205,0.001],[-0.001,124.204]],"c":true},"ix":2},"nm":"Path 1","mn":"ADBE Vector Shape - Group","hd":false},{"ty":"fl","c":{"a":0,"k":[0.376470595598,0.65098041296,0.803921580315,1],"ix":4},"o":{"a":0,"k":100,"ix":5},"r":1,"bm":0,"nm":"Fill 1","mn":"ADBE Vector Graphic - Fill","hd":false},{"ty":"tr","p":{"a":0,"k":[199.999,199.996],"ix":2},"a":{"a":0,"k":[0,0],"ix":1},"s":{"a":0,"k":[100,100],"ix":3},"r":{"a":0,"k":0,"ix":6},"o":{"a":0,"k":100,"ix":7},"sk":{"a":0,"k":0,"ix":4},"sa":{"a":0,"k":0,"ix":5},"nm":"Transform"}],"nm":"Group 2","np":4,"cix":2,"bm":0,"ix":1,"mn":"ADBE Vector Group","hd":false}],"ip":32.0000013033867,"op":110.000004480392,"st":17.0000006924242,"bm":0}],"markers":[]}